"","RR","DET","NRLINE","maxL","L","ENTR","rENTR","LAM","TT","catH"
"1",13.922796860652,62.9728866999034,687755,78,3.55397343530764,1.63446157890962,0.419973548034349,63.6207368735368,3.69273433913396,NA
