"","RR","DET","NRLINE","maxL","L","ENTR","rENTR","LAM","TT","catH"
"1",13.4185857151056,80.0269829053912,602426,221,4.96943857004843,2.10792782029206,0.393868403780529,82.7073899853163,6.72659164630275,NA
