"","RR","DET","NRLINE","maxL","L","ENTR","rENTR","LAM","TT","catH"
"1",13.4342501721763,69.565482074113,571556,187,4.55844046777567,1.88179090128723,0.378117656817213,72.6617473741434,6.14889804734985,NA
